polynomial,term_0,term_1,term_2,term_3,term_4,gcd,zero_terms,galois_group,discriminant
x^5 - 20*x^4 + 10*x^3 + 25*x^2 - 14*x + 1,137610,-80985,-168615,97200,-6879,3,0,D(5),29546515881
x^5 - 18*x^4 + 9*x^3 + 23*x^2 - 13*x + 1,88431,-53287,-110106,64332,-4900,1,0,D(5),13382556489
x^5 - 17*x^4 + 4*x^3 + 25*x^2 + 11*x + 1,75090,-23305,-113280,-48885,-4395,5,0,D(5),672105625
x^5 - 16*x^4 + 8*x^3 + 21*x^2 - 12*x + 1,53716,-33401,-68079,40444,-3335,1,0,D(5),5517964089
x^5 - 15*x^4 - 23*x^3 + 5*x + 1,78541,109865,-1015,-23885,-4730,1,0,D(5),13024881
x^5 - 14*x^4 + 7*x^3 + 19*x^2 - 11*x + 1,30321,-19695,-39150,23760,-2136,3,0,D(5),2014483689
x^5 - 14*x^4 + 25*x^3 + 10*x^2 - 20*x + 1,15876,-34545,-8910,24759,-894,3,0,D(5),29546515881
x^5 - 13*x^4 + 5*x^3 + 17*x^2 - 9*x + 1,23245,-12382,-28657,15862,-1771,1,0,D(5),305830144
x^5 - 13*x^4 + 23*x^3 + 9*x^2 - 18*x + 1,10810,-23723,-5457,16276,-632,1,0,D(5),13382556489
x^5 - 13*x^4 + 25*x^3 - 11*x^2 - 2*x + 1,10824,-24073,11439,1698,-948,1,0,D(5),18671041
x^5 - 12*x^4 - 25*x^3 - 8*x^2 + 4*x + 1,41752,77063,23504,-12019,-2952,1,0,D(5),142110241
x^5 - 12*x^4 + 6*x^3 + 17*x^2 - 10*x + 1,15486,-10729,-20319,12696,-1255,1,0,D(5),623151369
x^5 - 12*x^4 + 21*x^3 + 8*x^2 - 16*x + 1,7044,-15625,-3036,10119,-424,1,0,D(5),5517964089
x^5 - 12*x^4 + 23*x^3 - 10*x^2 - 2*x + 1,7042,-15865,7562,1169,-670,1,0,D(5),9740641
x^5 - 11*x^4 - 23*x^3 - 7*x^2 + 4*x + 1,31074,56951,16431,-9630,-2362,1,0,D(5),91259809
x^5 - 11*x^4 + 19*x^3 + 7*x^2 - 14*x + 1,4338,-9759,-1431,5832,-264,3,0,D(5),2014483689
x^5 - 11*x^4 + 21*x^3 - 9*x^2 - 2*x + 1,4324,-9905,4757,750,-448,1,0,D(5),4635409
x^5 - 11*x^4 + 23*x^3 - 10*x^2 - 5*x + 1,3577,-9297,4745,1809,-344,1,0,D(5),13024881
x^5 - 10*x^4 - 21*x^3 - 6*x^2 + 4*x + 1,22564,41007,11030,-7571,-1854,1,0,D(5),56445169
x^5 - 10*x^4 + 5*x^3 + 15*x^2 - 9*x + 1,6835,-5255,-8970,5860,-644,1,0,D(5),151068681
x^5 - 10*x^4 + 17*x^3 + 6*x^2 - 12*x + 1,2476,-5681,-450,3007,-146,1,0,D(5),623151369
x^5 - 10*x^4 + 19*x^3 - 8*x^2 - 2*x + 1,2454,-5749,2808,429,-276,1,0,D(5),1940449
x^5 - 9*x^4 - 19*x^3 - 5*x^2 + 4*x + 1,15910,28619,7025,-5818,-1422,1,0,D(5),33373729
x^5 - 9*x^4 - 4*x^3 + 23*x^2 + 15*x + 1,6778,1445,-16458,-10051,-533,1,0,D(5),1963110249
x^5 - 9*x^4 + 15*x^3 + 5*x^2 - 10*x + 1,1266,-2995,75,1284,-64,1,0,D(5),151068681
x^5 - 9*x^4 + 17*x^3 - 7*x^2 - 2*x + 1,1240,-3001,1523,194,-148,1,0,D(5),667489
x^5 - 9*x^4 + 17*x^3 + 5*x^2 - 13*x + 1,757,-2218,607,770,77,1,0,D(5),305830144
x^5 - 9*x^4 + 19*x^3 - x^2 - 7*x + 1,469,-1468,623,202,-1,1,0,D(5),32672656
x^5 - 9*x^4 + 19*x^3 + 8*x^2 - 3*x + 1,-77,107,537,-257,4,1,0,D(5),16507969
x^5 - 8*x^4 - 22*x^3 - 7*x^2 + 8*x + 1,13288,29471,8385,-10186,-1187,1,0,D(5),117223929
x^5 - 8*x^4 - 17*x^3 - 4*x^2 + 4*x + 1,10824,19223,4164,-4347,-1060,1,0,D(5),18671041
x^5 - 8*x^4 - 11*x^3 + 9*x^2 + 7*x + 1,7563,8107,-7452,-5490,-770,1,0,D(5),32706961
x^5 - 8*x^4 + 4*x^3 + 13*x^2 - 8*x + 1,2376,-2217,-2871,2052,-255,3,0,D(5),24235929
x^5 - 8*x^4 + 13*x^3 + 4*x^2 - 8*x + 1,540,-1353,288,351,-12,3,0,D(5),24235929
x^5 - 8*x^4 + 15*x^3 - 6*x^2 - 2*x + 1,514,-1313,734,33,-58,1,0,D(5),160801
x^5 - 8*x^4 + 15*x^3 + x^2 + 15*x + 1,-77,451,-638,-484,198,11,0,D(5),61858225
x^5 - 8*x^4 + 18*x^3 - 3*x^2 - 2*x + 1,-194,559,101,-228,53,1,0,D(5),4986289
x^5 - 8*x^4 + 19*x^3 - 2*x^2 + 2*x + 1,-474,1583,-126,-3,90,1,0,D(5),38775529
x^5 - 7*x^4 - 15*x^3 - 3*x^2 + 4*x + 1,7042,12303,2219,-3134,-762,1,0,D(5),9740641
x^5 - 7*x^4 - x^3 + 19*x^2 - 9*x + 1,1987,-1254,-3245,1756,-195,1,0,D(5),32672656
x^5 - 7*x^4 - x^3 + 20*x^2 + 13*x + 1,1615,-237,-4365,-2527,-102,1,0,D(5),117223929
x^5 - 7*x^4 - x^3 + 24*x^2 + 17*x + 1,1387,-285,-4465,-2679,38,19,0,D(5),240963529
x^5 - 7*x^4 + 7*x^3 + 19*x^2 + 10*x + 1,-66,101,141,156,48,1,0,D(5),2122849
x^5 - 7*x^4 + 11*x^3 + 3*x^2 - 6*x + 1,154,-455,309,-56,16,1,0,D(5),1447209
x^5 - 7*x^4 + 12*x^3 + 3*x^2 - x + 1,-74,127,202,-129,9,1,0,D(5),2387025
x^5 - 7*x^4 + 17*x^3 - 15*x^2 + 5*x + 1,-53,156,-25,-144,83,1,0,D(5),512656
x^5 - 7*x^4 + 17*x^3 + 25*x^2 + 9*x + 1,-1793,6552,8767,3088,339,1,0,D(5),1926544
x^5 - 7*x^4 + 21*x^3 + 12*x^2 + 19*x + 1,-1769,8487,3809,6553,666,1,0,D(5),21867015625
x^5 - 7*x^4 + 21*x^3 + 23*x^2 + 8*x + 1,-2066,10181,10277,3462,424,1,0,D(5),3713329
x^5 - 6*x^4 - 13*x^3 - 2*x^2 + 4*x + 1,4324,7391,986,-2155,-522,1,0,D(5),4635409
x^5 - 6*x^4 - 5*x^3 + 18*x^2 + 14*x + 1,1438,515,-3616,-2447,-50,1,0,D(5),350775441
x^5 - 6*x^4 + 3*x^3 + 11*x^2 - 7*x + 1,501,-751,-174,264,-40,1,0,D(5),1447209
x^5 - 6*x^4 + 3*x^3 + 15*x^2 + 23*x + 1,-93,509,-804,-258,460,1,0,D(5),192959881
x^5 - 6*x^4 + 3*x^3 + 20*x^2 + 2*x + 1,42,-373,744,21,-40,1,0,D(5),3629025
x^5 - 6*x^4 + 5*x^3 + 14*x^2 - 2*x + 1,22,-253,572,-121,-22,11,0,D(5),2474329
x^5 - 6*x^4 + 6*x^3 + 11*x^2 + 8*x + 1,-156,275,147,150,47,1,0,D(5),7112889
x^5 - 6*x^4 + 7*x^3 + 8*x^2 - 4*x + 1,4,-145,398,-167,8,1,0,D(5),693889
x^5 - 6*x^4 + 9*x^3 + 2*x^2 - 4*x + 1,-12,-49,234,-153,26,1,0,D(5),56169
x^5 - 6*x^4 + 11*x^3 - 4*x^2 - 2*x + 1,-26,35,92,-115,32,1,0,D(5),2209
x^5 - 6*x^4 + 11*x^3 - x^2 + x + 1,-179,449,26,-52,44,1,0,D(5),2798929
x^5 - 6*x^4 + 13*x^3 - 10*x^2 + 2*x + 1,-38,107,-16,-89,50,1,0,D(5),55225
x^5 - 6*x^4 + 15*x^3 - 18*x^2 + 8*x + 1,24,-121,246,-255,118,1,0,D(5),2209
x^5 - 6*x^4 + 15*x^3 - 16*x^2 + 8*x + 1,-48,167,-78,-111,128,1,0,D(5),859329
x^5 - 6*x^4 + 17*x^3 - 23*x^2 + 13*x + 1,25,-79,188,-316,246,1,0,D(5),305809
x^5 - 6*x^4 + 17*x^3 - 22*x^2 + 16*x + 1,-56,215,-82,-217,338,1,0,D(5),9653449
x^5 - 5*x^4 - 11*x^3 - x^2 + 4*x + 1,2454,4067,285,-1386,-334,1,0,D(5),1940449
x^5 - 5*x^4 - 10*x^3 + 23*x^2 - 11*x + 1,1750,-495,-2254,1323,-89,1,0,D(5),13024881
x^5 - 5*x^4 + 2*x^3 + 17*x^2 + 11*x + 1,-284,173,978,713,121,1,0,D(5),4549689
x^5 - 5*x^4 + 3*x^3 + 6*x^2 + 11*x + 1,-59,231,-233,-161,86,1,0,D(5),7491169
x^5 - 5*x^4 + 5*x^3 + 5*x^2 + 6*x + 1,-140,235,55,70,36,1,0,D(5),3455881
x^5 - 5*x^4 + 5*x^3 + 25*x^2 + 16*x + 1,-890,1285,4755,3150,356,1,0,D(5),141395881
x^5 - 5*x^4 + 6*x^3 + 15*x^2 + 7*x + 1,-536,895,1892,855,119,1,0,D(5),265225
x^5 - 5*x^4 + 7*x^3 + x + 1,-69,115,57,-45,16,1,0,D(5),373321
x^5 - 5*x^4 + 7*x^3 + x^2 - 2*x + 1,-54,69,135,-108,24,3,0,D(5),227529
x^5 - 5*x^4 + 7*x^3 + 12*x^2 - 5*x + 1,-339,613,1641,-675,100,1,0,D(5),45171841
x^5 - 5*x^4 + 9*x^3 - 3*x^2 - 2*x + 1,-56,151,23,-126,44,1,0,D(5),16129
x^5 - 5*x^4 + 9*x^3 + 25*x^2 + 3*x + 1,-971,2650,7027,770,189,1,0,D(5),1269639424
x^5 - 5*x^4 + 12*x^3 + 7*x^2 - 5*x + 1,-434,2013,1386,-975,175,1,0,D(5),45171841
x^5 - 4*x^4 - 15*x^3 + 15*x^2 + 21*x + 1,1681,2183,-3126,-3490,212,1,0,D(5),8640260209
x^5 - 4*x^4 - 9*x^3 + 4*x + 1,1240,1959,-40,-803,-192,1,0,D(5),667489
x^5 - 4*x^4 + 5*x^2 + 14*x + 1,-74,287,-259,-282,157,1,0,D(5),16507969
x^5 - 4*x^4 + 2*x^3 + 9*x^2 - 6*x + 1,-14,-185,585,-320,49,1,0,D(5),56169
x^5 - 4*x^4 + 4*x^3 + x^2 + 4*x + 1,-84,119,21,0,21,7,1,D(5),693889
x^5 - 4*x^4 + 5*x^3 + 1,-44,55,60,-41,16,1,0,D(5),95481
x^5 - 4*x^4 + 5*x^3 + 19*x^2 + 3*x + 1,-545,975,3580,520,120,5,0,D(5),253605625
x^5 - 4*x^4 + 7*x^3 - 2*x^2 - 2*x + 1,-30,119,18,-111,42,1,0,D(5),20449
x^5 - 4*x^4 + 8*x^3 + 7*x^2 - 6*x + 1,-206,879,997,-818,135,1,0,D(5),693889
x^5 - 4*x^4 + 9*x^3 - 5*x^2 + 3*x + 1,-65,319,-136,44,64,1,0,D(5),1306449
x^5 - 4*x^4 + 9*x^3 + 12*x + 1,-320,1031,-24,899,224,1,0,D(5),233325625
x^5 - 4*x^4 + 24*x^3 + 9*x^2 + 14*x + 1,214,10495,3781,5478,561,1,0,D(5),12720456225
x^5 - 3*x^4 - 10*x^3 + 11*x^2 + 25*x + 1,358,551,-958,-1159,533,1,0,D(5),16687225
x^5 - 3*x^4 - 7*x^3 + x^2 + 4*x + 1,514,743,-121,-382,-90,1,0,D(5),160801
x^5 - 3*x^4 - 4*x^3 + 23*x^2 + 9*x + 1,-224,-847,2964,1199,121,1,0,D(5),66928761
x^5 - 3*x^4 - x^3 + 7*x^2 + 3*x + 1,-41,-70,183,68,5,1,0,D(5),512656
x^5 - 3*x^4 + 3*x^3 - x^2 + 2*x + 1,-30,17,33,-24,8,1,0,D(5),56169
x^5 - 3*x^4 + 3*x^3 + 3*x^2 - x + 1,-57,62,159,-60,25,1,0,D(5),274576
x^5 - 3*x^4 + 4*x^3 - x^2 + 3*x + 1,-62,83,18,7,25,1,0,D(5),267289
x^5 - 3*x^4 + 5*x^3 - x^2 - 2*x + 1,4,47,29,-82,32,1,0,D(5),14161
x^5 - 3*x^4 + 5*x^3 + 13*x^2 + 12*x + 1,-458,1055,1947,1766,242,1,0,D(5),200533921
x^5 - 3*x^4 + 5*x^3 + 14*x^2 + 9*x + 1,-431,1043,2235,1397,184,1,0,D(5),18429849
x^5 - 3*x^4 + 7*x^3 - 19*x^2 + 18*x + 1,34,-673,2175,-2096,286,1,0,D(5),1380625
x^5 - 3*x^4 + 8*x^3 - 7*x^2 + 5*x + 1,28,23,-2,-19,59,1,0,D(5),373321
x^5 - 3*x^4 + 8*x^3 + 19*x^2 - 9*x + 1,-230,1991,4614,-2209,245,1,0,D(5),16507969
x^5 - 3*x^4 + 10*x^3 + 2*x^2 + 21*x + 1,-320,1568,288,2272,544,32,0,D(5),2316304384
x^5 - 2*x^4 - 17*x^3 + 25*x^2 + 13*x + 1,1017,-2595,1782,1134,150,3,0,D(5),1187560521
x^5 - 2*x^4 - 11*x^3 + 25*x^2 - 13*x + 1,615,-2551,3450,-1626,198,1,0,D(5),18671041
x^5 - 2*x^4 - 10*x^3 + 23*x^2 - 12*x + 1,520,-2165,2935,-1382,171,1,0,D(5),9740641
x^5 - 2*x^4 - 9*x^3 + 12*x^2 + 10*x + 1,226,-509,236,321,80,1,0,D(5),27175369
x^5 - 2*x^4 - 9*x^3 + 21*x^2 - 11*x + 1,433,-1811,2462,-1158,146,1,0,D(5),4635409
x^5 - 2*x^4 - 8*x^3 + 19*x^2 - 10*x + 1,354,-1489,2031,-954,123,1,0,D(5),1940449
x^5 - 2*x^4 - 7*x^3 + 16*x^2 + 4*x + 1,100,-929,1266,351,32,1,0,D(5),34000561
x^5 - 2*x^4 - 7*x^3 + 17*x^2 - 9*x + 1,283,-1199,1642,-770,102,1,0,D(5),667489
x^5 - 2*x^4 - 6*x^3 + 15*x^2 - 8*x + 1,220,-941,1295,-606,83,1,0,D(5),160801
x^5 - 2*x^4 - 4*x^3 + 11*x^2 - 6*x + 1,118,-521,727,-338,51,1,0,D(5),2209
x^5 - 2*x^4 - 3*x^3 + 3*x^2 + 7*x + 1,-29,49,-34,-24,32,1,0,D(5),305809
x^5 - 2*x^4 - 3*x^3 + 9*x^2 - 5*x + 1,79,-359,506,-234,38,1,0,D(5),16129
x^5 - 2*x^4 - 3*x^3 + 18*x^2 - 8*x + 1,16,-761,2426,-1029,122,1,0,D(5),4986289
x^5 - 2*x^4 - 2*x^3 + 7*x^2 - 4*x + 1,48,-229,327,-150,27,1,0,D(5),20449
x^5 - 2*x^4 - x^3 - x^2 + 7*x + 1,-53,105,20,-174,28,1,0,D(5),859329
x^5 - 2*x^4 - x^3 + 5*x^2 - 3*x + 1,25,-131,190,-86,18,1,0,D(5),14161
x^5 - 2*x^4 + 3*x^2 - 2*x + 1,10,-65,95,-42,11,1,0,D(5),6241
x^5 - 2*x^4 + x^3 - 2*x^2 + 4*x + 1,-36,15,54,-81,6,3,0,D(5),227529
x^5 - 2*x^4 + x^3 + x^2 - x + 1,3,-31,42,-18,6,1,0,D(5),2209
x^5 - 2*x^4 + x^3 + 7*x^2 - 5*x + 1,-9,-39,486,-324,60,3,0,D(5),227529
x^5 - 2*x^4 + 2*x^3 - x^2 + 1,4,-29,31,-14,3,1,0,D(5),2209
x^5 - 2*x^4 + 3*x^3 - 3*x^2 + x + 1,13,-59,62,-30,2,1,0,D(5),10609
x^5 - 2*x^4 + 3*x^3 - 2*x + 1,22,-5,32,-51,20,1,0,D(5),6241
x^5 - 2*x^4 + 4*x^3 - 5*x^2 + 2*x + 1,30,-121,135,-66,3,1,0,D(5),57121
x^5 - 2*x^4 + 5*x^3 - 7*x^2 + 3*x + 1,55,-215,250,-122,6,1,0,D(5),229441
x^5 - 2*x^4 + 5*x^3 + 8*x^2 + 4*x + 1,-140,639,866,387,88,1,0,D(5),505521
x^5 - 2*x^4 + 6*x^3 - 9*x^2 + 4*x + 1,88,-341,407,-198,11,11,0,D(5),717409
x^5 - 2*x^4 + 7*x^3 - 11*x^2 + 5*x + 1,129,-499,606,-294,18,1,0,D(5),1868689
x^5 - 2*x^4 + 7*x^3 - 3*x^2 + 4*x + 1,48,127,-21,45,49,1,0,D(5),1098304
x^5 - 2*x^4 + 7*x^3 + 4*x + 1,12,367,42,153,64,1,0,D(5),2474329
x^5 - 2*x^4 + 8*x^3 - 13*x^2 + 6*x + 1,178,-689,847,-410,27,1,0,D(5),4255969
x^5 - 2*x^4 + 9*x^3 - 15*x^2 + 7*x + 1,235,-911,1130,-546,38,1,0,D(5),8755681
x^5 - 2*x^4 + 10*x^3 - 17*x^2 + 8*x + 1,300,-1165,1455,-702,51,1,0,D(5),16638241
x^5 - 2*x^4 + 11*x^3 - 19*x^2 + 9*x + 1,373,-1451,1822,-878,66,1,0,D(5),29669809
x^5 - 2*x^4 + 11*x^3 + 11*x^2 + 3*x + 1,103,2305,2020,478,144,1,0,D(5),29214025
x^5 - 2*x^4 + 12*x^3 - 21*x^2 + 10*x + 1,454,-1769,2231,-1074,83,1,0,D(5),50225569
x^5 - 2*x^4 + 13*x^3 - 23*x^2 + 11*x + 1,543,-2119,2682,-1290,102,1,0,D(5),81414529
x^5 - 2*x^4 + 14*x^3 - 25*x^2 + 12*x + 1,640,-2501,3175,-1526,123,1,0,D(5),127215841
x^5 - 2*x^4 + 14*x^3 + 5*x^2 - 6*x + 1,550,2167,715,-968,165,11,0,D(5),2474329
x^5 - 2*x^4 + 17*x^3 - 11*x^2 + 10*x + 1,814,91,-159,201,173,1,0,D(5),953080384
x^5 - 2*x^4 + 19*x^3 - x^2 + 7*x + 1,987,2585,0,846,188,47,1,D(5),824666089
x^5 - x^4 - 9*x^3 + 15*x^2 + 2*x + 1,250,-1313,1465,240,42,1,0,D(5),24770529
x^5 - x^4 - 5*x^3 + 10*x^2 + 19*x + 1,-219,-397,591,1335,390,1,0,D(5),8970025
x^5 - x^4 - 3*x^3 + 3*x^2 + 4*x + 1,-26,-69,41,70,18,1,0,D(5),2209
x^5 - x^4 - x^3 - 3*x^2 + 6*x + 1,-62,61,99,-188,16,1,0,D(5),915849
x^5 - x^4 - x^3 + 3*x^2 + 2*x + 1,-38,-45,77,48,14,1,0,D(5),55225
x^5 - x^4 - x^3 + 3*x^2 + 5*x + 1,-83,-24,71,114,35,1,0,D(5),274576
x^5 - x^4 - x^3 + 19*x^2 + 6*x + 1,-194,-225,3157,1000,126,1,0,D(5),147744025
x^5 - x^4 - x^3 + 20*x^2 + 7*x + 1,-215,-231,3501,1229,144,1,0,D(5),140493609
x^5 - x^4 + x^3 + x^2 - 2*x + 1,24,-25,27,-30,12,1,0,D(5),2209
x^5 - x^4 + 3*x^3 + 5*x + 1,-53,43,25,39,36,1,0,D(5),505521
x^5 - x^4 + 3*x^3 + 3*x^2 - 3*x + 1,49,92,123,-130,35,1,0,D(5),274576
x^5 - x^4 + 3*x^3 + 12*x^2 - 7*x + 1,55,379,1429,-849,120,1,0,D(5),2387025
x^5 - x^4 + 5*x^3 + 11*x^2 + 6*x + 1,-80,761,1337,682,110,1,0,D(5),2209
x^5 - x^4 + 8*x^3 + 11*x^2 + 7*x + 1,46,1317,1494,869,135,1,0,D(5),7733961
x^5 - x^4 + 10*x^3 + 7*x^2 + 13*x + 1,114,1289,846,1275,243,1,0,D(5),299393809
x^5 - x^4 + 12*x^3 - 7*x^2 + 23*x + 1,214,-301,380,-429,541,1,0,D(5),466862449
x^5 - x^4 + 15*x^3 + 15*x^2 + 6*x + 1,646,3587,3009,1088,170,17,0,D(5),4092529
x^5 - 13*x^3 - 13*x^2 + 8*x + 1,556,2003,1417,-871,-1,1,0,D(5),76457536
x^5 - 11*x^3 + 11*x^2 + 6*x + 1,394,-1477,1023,649,91,1,0,D(5),1098304
x^5 - 11*x^3 + 18*x^2 + 4*x + 1,424,-2401,2872,703,106,1,0,D(5),167055625
x^5 - 8*x^3 + 25*x^2 + 6*x + 1,166,-2425,5577,1390,161,1,0,D(5),935809281
x^5 - 3*x^3 - 4*x^2 + 8*x + 1,-84,119,120,-273,44,1,0,D(5),1734489
x^5 - x^3 + 2*x^2 - 2*x + 1,34,-49,38,-31,14,1,0,D(5),2209
x^5 - x^3 + 4*x^2 + 4*x + 1,-56,-73,140,149,36,1,0,D(5),16129
x^5 - 3*x^2 + 2*x + 1,-30,-25,81,-54,-11,1,0,D(5),55225
x^5 + 5*x^2 - 4*x + 1,60,-25,225,-180,41,1,0,D(5),95481
x^5 + 4*x^3 - 5*x^2 + 18*x + 1,-206,-265,297,-830,299,1,0,D(5),411156729
x^5 + 4*x^3 + 9*x^2 + 10*x + 1,-86,407,769,790,145,1,0,D(5),19936225
x^5 + 5*x^3 + 5*x^2 + 15*x + 1,-125,275,300,650,250,25,0,D(5),102515625
x^5 + 7*x^3 - 16*x^2 + 12*x + 1,16,-1369,2388,-1763,64,1,0,D(5),253605625
x^5 + 7*x^3 + 5*x^2 + 5*x + 1,121,395,260,190,50,1,0,D(5),1713481
x^5 + 13*x^3 + 3*x^2 + x + 1,661,443,94,-38,16,1,0,D(5),34515625
x^5 + 16*x^3 - 7*x^2 + 2*x + 1,994,-1369,473,-206,-31,1,0,D(5),167055625
x^5 + x^4 - 25*x^3 - 24*x^2 + 3*x + 1,2437,4653,2667,-221,-10,1,0,D(5),4419723361
x^5 + x^4 - 25*x^3 - 7*x^2 + 10*x + 1,2434,-513,-541,504,166,1,0,D(5),6890162049
x^5 + x^4 - 24*x^3 - 23*x^2 + 3*x + 1,2242,4273,2440,-211,-9,1,0,D(5),3471684241
x^5 + x^4 - 23*x^3 - 22*x^2 + 3*x + 1,2055,3909,2223,-201,-8,1,0,D(5),2699114209
x^5 + x^4 - 23*x^3 + 19*x^2 + 14*x + 1,2136,-7525,4665,3810,384,1,0,D(5),3333099289
x^5 + x^4 - 22*x^3 - 21*x^2 + 3*x + 1,1876,3561,2016,-191,-7,1,0,D(5),2075075809
x^5 + x^4 - 21*x^3 - 20*x^2 + 3*x + 1,1705,3229,1819,-181,-6,1,0,D(5),1575851809
x^5 + x^4 - 20*x^3 - 19*x^2 + 3*x + 1,1542,2913,1632,-171,-5,1,0,D(5),1180678321
x^5 + x^4 - 19*x^3 - 18*x^2 + 3*x + 1,1387,2613,1455,-161,-4,1,0,D(5),871489441
x^5 + x^4 - 18*x^3 - 17*x^2 + 3*x + 1,1240,2329,1288,-151,-3,1,0,D(5),632673409
x^5 + x^4 - 17*x^3 - 16*x^2 + 3*x + 1,1101,2061,1131,-141,-2,1,0,D(5),450840289
x^5 + x^4 - 16*x^3 - 15*x^2 + 3*x + 1,970,1809,984,-131,-1,1,0,D(5),314601169
x^5 + x^4 - 14*x^3 - 13*x^2 + 3*x + 1,732,1353,720,-111,1,1,0,D(5),142110241
x^5 + x^4 - 13*x^3 - 12*x^2 + 3*x + 1,625,1149,603,-101,2,1,0,D(5),91259809
x^5 + x^4 - 12*x^3 - 11*x^2 + 3*x + 1,526,961,496,-91,3,1,0,D(5),56445169
x^5 + x^4 - 11*x^3 - 10*x^2 + 3*x + 1,435,789,399,-81,4,1,0,D(5),33373729
x^5 + x^4 - 10*x^3 - 9*x^2 + 3*x + 1,352,633,312,-71,5,1,0,D(5),18671041
x^5 + x^4 - 9*x^3 - 8*x^2 + 3*x + 1,277,493,235,-61,6,1,0,D(5),9740641
x^5 + x^4 - 8*x^3 - 7*x^2 + 3*x + 1,210,369,168,-51,7,1,0,D(5),4635409
x^5 + x^4 - 7*x^3 - 6*x^2 + 3*x + 1,151,261,111,-41,8,1,0,D(5),1940449
x^5 + x^4 - 6*x^3 - 5*x^2 + 3*x + 1,100,169,64,-31,9,1,0,D(5),667489
x^5 + x^4 - 5*x^3 - 5*x^2 + 10*x + 1,-54,105,45,-216,96,3,0,D(5),826281
x^5 + x^4 - 5*x^3 - 4*x^2 + 3*x + 1,57,93,27,-21,10,1,0,D(5),160801
x^5 + x^4 - 3*x^3 - 2*x^2 + 3*x + 1,-5,-11,-17,-1,12,1,0,D(5),2209
x^5 + x^4 - 3*x^3 + 3*x^2 - 2*x + 1,100,-161,113,-66,32,1,0,D(5),10609
x^5 + x^4 - 2*x^3 - x^2 + 3*x + 1,-24,-39,-24,9,13,1,0,D(5),16129
x^5 + x^4 - x^3 + 3*x + 1,-35,-51,-21,19,14,1,0,D(5),20449
x^5 + x^4 - x^3 + 11*x^2 - 6*x + 1,166,-131,1141,-620,96,1,0,D(5),2798929
x^5 + x^4 + x^2 + 3*x + 1,-38,-47,-8,29,15,1,0,D(5),14161
x^5 + x^4 + 7*x^2 - 5*x + 1,118,3,438,-321,61,1,0,D(5),373321
x^5 + x^4 + 9*x^2 + 13*x + 1,-140,-125,710,1065,215,5,0,D(5),4305625
x^5 + x^4 + x^3 + 2*x^2 + 3*x + 1,-33,-27,15,39,16,1,0,D(5),6241
x^5 + x^4 + x^3 + 5*x^2 + 4*x + 1,-30,-1,195,162,38,1,0,D(5),20449
x^5 + x^4 + 2*x^3 + 3*x^2 + 3*x + 1,-20,9,48,49,17,1,0,D(5),2209
x^5 + x^4 + 2*x^3 + 17*x^2 + 5*x + 1,34,317,2472,719,103,1,0,D(5),74183769
x^5 + x^4 + 3*x^3 + 4*x^2 + 3*x + 1,1,61,91,59,18,1,0,D(5),2209
x^5 + x^4 + 3*x^3 + 13*x^2 + 1,100,397,1363,-16,54,1,0,D(5),34515625
x^5 + x^4 + 4*x^3 + 3*x^2 + 7*x + 1,-42,7,42,63,49,7,0,D(5),693889
x^5 + x^4 + 4*x^3 + 5*x^2 + 3*x + 1,30,129,144,69,19,1,0,D(5),10609
x^5 + x^4 + 5*x^3 + 5*x^2 + 6*x + 1,16,133,139,130,42,1,0,D(5),267289
x^5 + x^4 + 5*x^3 + 6*x^2 + 3*x + 1,67,213,207,79,20,1,0,D(5),57121
x^5 + x^4 + 6*x^3 + 7*x^2 + 3*x + 1,112,313,280,89,21,1,0,D(5),229441
x^5 + x^4 + 7*x^3 + 8*x^2 + 3*x + 1,165,429,363,99,22,11,0,D(5),717409
x^5 + x^4 + 7*x^3 + 10*x^2 + 5*x + 1,147,581,645,279,48,1,0,D(5),55225
x^5 + x^4 + 7*x^3 + 15*x^2 + 7*x + 1,147,982,1647,720,97,1,0,D(5),824464
x^5 + x^4 + 8*x^3 + 9*x^2 + 3*x + 1,226,561,456,109,23,1,0,D(5),1868689
x^5 + x^4 + 9*x^3 + 19*x + 1,-5,-473,137,-711,326,1,0,D(5),165765625
x^5 + x^4 + 9*x^3 + 10*x^2 + 3*x + 1,295,709,559,119,24,1,0,D(5),4255969
x^5 + x^4 + 10*x^3 + 11*x^2 + 3*x + 1,372,873,672,129,25,1,0,D(5),8755681
x^5 + x^4 + 11*x^3 - x^2 + 14*x + 1,214,-727,177,-784,148,1,0,D(5),293951025
x^5 + x^4 + 11*x^3 + 8*x^2 + 5*x + 1,403,515,267,89,22,1,0,D(5),4549689
x^5 + x^4 + 11*x^3 + 12*x^2 + 3*x + 1,457,1053,795,139,26,1,0,D(5),16638241
x^5 + x^4 + 12*x^3 + 13*x^2 + 3*x + 1,550,1249,928,149,27,1,0,D(5),29669809
x^5 + x^4 + 13*x^3 + 14*x^2 + 3*x + 1,651,1461,1071,159,28,1,0,D(5),50225569
x^5 + x^4 + 14*x^3 + 15*x^2 + 3*x + 1,760,1689,1224,169,29,1,0,D(5),81414529
x^5 + x^4 + 15*x^3 + 16*x^2 + 3*x + 1,877,1933,1387,179,30,1,0,D(5),127215841
x^5 + x^4 + 16*x^3 + 17*x^2 + 3*x + 1,1002,2193,1560,189,31,1,0,D(5),192626641
x^5 + x^4 + 17*x^3 + 18*x^2 + 3*x + 1,1135,2469,1743,199,32,1,0,D(5),283821409
x^5 + x^4 + 18*x^3 + 19*x^2 + 3*x + 1,1276,2761,1936,209,33,11,0,D(5),408322849
x^5 + x^4 + 19*x^3 + 20*x^2 + 3*x + 1,1425,3069,2139,219,34,1,0,D(5),575184289
x^5 + x^4 + 20*x^3 + 21*x^2 + 3*x + 1,1582,3393,2352,229,35,1,0,D(5),795183601
x^5 + x^4 + 21*x^3 + 22*x^2 + 3*x + 1,1747,3733,2575,239,36,1,0,D(5),1081028641
x^5 + x^4 + 22*x^3 + 23*x^2 + 3*x + 1,1920,4089,2808,249,37,1,0,D(5),1447574209
x^5 + x^4 + 23*x^3 + 24*x^2 + 3*x + 1,2101,4461,3051,259,38,1,0,D(5),1912050529
x^5 + x^4 + 24*x^3 + 25*x^2 + 3*x + 1,2290,4849,3304,269,39,1,0,D(5),2494303249
x^5 + 2*x^4 - 17*x^3 + 7*x^2 + 13*x + 1,1401,-4111,1146,2772,348,1,0,D(5),635392849
x^5 + 2*x^4 - 15*x^3 + 6*x^2 + 14*x + 1,1078,-3245,796,2619,354,1,0,D(5),117223929
x^5 + 2*x^4 - 10*x^3 + 13*x^2 - 6*x + 1,862,-2433,2719,-1184,189,1,0,D(5),55225
x^5 + 2*x^4 - 7*x^3 - 6*x^2 + 12*x + 1,100,-113,-222,151,178,1,0,D(5),1447209
x^5 + 2*x^4 - 7*x^3 + 16*x^2 + 1,544,-1881,3298,31,144,1,0,D(5),167055625
x^5 + 2*x^4 - 5*x^3 + 4*x^2 - 2*x + 1,294,-493,324,-147,72,1,0,D(5),57121
x^5 + 2*x^4 - 3*x^3 + 1,112,-121,-30,11,32,1,0,D(5),55225
x^5 + 2*x^4 - 2*x^3 + 19*x^2 - 8*x + 1,420,-493,3723,-1554,183,1,0,D(5),38775529
x^5 + 2*x^4 - x^3 + 3*x^2 - 3*x + 1,121,-47,114,-128,40,1,0,D(5),56169
x^5 + 2*x^4 + x^3 - 8*x^2 + 20*x + 1,-396,-369,486,-1449,360,9,0,D(5),1492817769
x^5 + 2*x^4 + 3*x^3 - x^2 - x + 1,-5,-91,-4,6,-20,1,0,D(5),55225
x^5 + 2*x^4 + 3*x^3 + 6*x^2 + 4*x + 1,4,63,194,133,30,1,0,D(5),14161
x^5 + 2*x^4 + 5*x^3 + x^2 + 6*x + 1,-62,-213,-47,-167,9,1,0,D(5),2050624
x^5 + 2*x^4 + 9*x^3 + 10*x^2 + 6*x + 1,190,355,260,107,22,1,0,D(5),505521
x^5 + 2*x^4 + 9*x^3 + 24*x^2 + 8*x + 1,328,1783,3658,1167,120,1,0,D(5),76790169
x^5 + 2*x^4 + 15*x^3 - 9*x^2 - x + 1,523,-3275,1696,114,-156,1,0,D(5),24770529
x^5 + 2*x^4 + 20*x^3 + 3*x^2 - 6*x + 1,1342,-2273,-501,646,-101,1,0,D(5),3629025
x^5 + 3*x^4 - 24*x^3 - 25*x^2 + x + 1,3000,-181,-2328,201,191,1,0,D(5),4419723361
x^5 + 3*x^4 - 23*x^3 - 24*x^2 + x + 1,2785,-175,-2165,193,184,1,0,D(5),3471684241
x^5 + 3*x^4 - 22*x^3 - 23*x^2 + x + 1,2578,-169,-2008,185,177,1,0,D(5),2699114209
x^5 + 3*x^4 - 21*x^3 - 22*x^2 + x + 1,2379,-163,-1857,177,170,1,0,D(5),2075075809
x^5 + 3*x^4 - 20*x^3 - 21*x^2 + x + 1,2188,-157,-1712,169,163,1,0,D(5),1575851809
x^5 + 3*x^4 - 19*x^3 - 20*x^2 + x + 1,2005,-151,-1573,161,156,1,0,D(5),1180678321
x^5 + 3*x^4 - 18*x^3 - 19*x^2 + x + 1,1830,-145,-1440,153,149,1,0,D(5),871489441
x^5 + 3*x^4 - 17*x^3 - 18*x^2 + x + 1,1663,-139,-1313,145,142,1,0,D(5),632673409
x^5 + 3*x^4 - 16*x^3 - 17*x^2 + x + 1,1504,-133,-1192,137,135,1,0,D(5),450840289
x^5 + 3*x^4 - 15*x^3 - 16*x^2 + x + 1,1353,-127,-1077,129,128,1,0,D(5),314601169
x^5 + 3*x^4 - 13*x^3 - 14*x^2 + x + 1,1075,-115,-865,113,114,1,0,D(5),142110241
x^5 + 3*x^4 - 13*x^3 - x^2 + 5*x + 1,1249,-2344,-329,926,203,1,0,D(5),19114384
x^5 + 3*x^4 - 12*x^3 - 13*x^2 + x + 1,948,-109,-768,105,107,1,0,D(5),91259809
x^5 + 3*x^4 - 11*x^3 - 12*x^2 + x + 1,829,-103,-677,97,100,1,0,D(5),56445169
x^5 + 3*x^4 - 10*x^3 - 11*x^2 + x + 1,718,-97,-592,89,93,1,0,D(5),33373729
x^5 + 3*x^4 - 9*x^3 - 10*x^2 + x + 1,615,-91,-513,81,86,1,0,D(5),18671041
x^5 + 3*x^4 - 9*x^3 - 7*x^2 + 14*x + 1,474,-715,-801,1044,296,1,0,D(5),38975049
x^5 + 3*x^4 - 8*x^3 - 9*x^2 + x + 1,520,-85,-440,73,79,1,0,D(5),9740641
x^5 + 3*x^4 - 7*x^3 - 8*x^2 + x + 1,433,-79,-373,65,72,1,0,D(5),4635409
x^5 + 3*x^4 - 7*x^3 + 5*x^2 - 2*x + 1,712,-1225,767,-286,140,1,0,D(5),229441
x^5 + 3*x^4 - 6*x^3 - 7*x^2 + x + 1,354,-73,-312,57,65,1,0,D(5),1940449
x^5 + 3*x^4 - 5*x^3 - 6*x^2 + x + 1,283,-67,-257,49,58,1,0,D(5),667489
x^5 + 3*x^4 - 5*x^3 + 9*x^2 - 4*x + 1,628,-997,1523,-656,148,1,0,D(5),1306449
x^5 + 3*x^4 - 4*x^3 - 5*x^2 + x + 1,220,-61,-208,41,51,1,0,D(5),160801
x^5 + 3*x^4 - 2*x^3 - 3*x^2 + x + 1,118,-49,-128,25,37,1,0,D(5),2209
x^5 + 3*x^4 - x^3 - 2*x^2 + x + 1,79,-43,-97,17,30,1,0,D(5),16129
x^5 + 3*x^4 - x^3 + 4*x^2 - 3*x + 1,247,-85,285,-229,68,1,0,D(5),267289
x^5 + 3*x^4 - x^2 + x + 1,48,-37,-72,9,23,1,0,D(5),20449
x^5 + 3*x^4 + x^3 + x + 1,25,-31,-53,1,16,1,0,D(5),14161
x^5 + 3*x^4 + 2*x^3 - 11*x^2 + 15*x + 1,-416,-499,906,-1459,173,1,0,D(5),670654609
x^5 + 3*x^4 + 2*x^3 + x^2 + x + 1,10,-25,-40,-7,9,1,0,D(5),6241
x^5 + 3*x^4 + 3*x^3 + 2*x^2 + x + 1,3,-19,-33,-15,2,1,0,D(5),2209
x^5 + 3*x^4 + 4*x^3 + 3*x^2 + x + 1,4,-13,-32,-23,-5,1,0,D(5),2209
x^5 + 3*x^4 + 5*x^3 + 4*x^2 + x + 1,13,-7,-37,-31,-12,1,0,D(5),10609
x^5 + 3*x^4 + 5*x^3 + 7*x^2 + 4*x + 1,22,83,149,86,18,1,0,D(5),6241
x^5 + 3*x^4 + 5*x^3 + 8*x^2 + 7*x + 1,-5,71,239,239,56,1,0,D(5),55225
x^5 + 3*x^4 + 5*x^3 + 14*x^2 + 3*x + 1,163,461,1245,245,46,1,0,D(5),18429849
x^5 + 3*x^4 + 6*x^3 + 5*x^2 + x + 1,30,-1,-48,-39,-19,1,0,D(5),57121
x^5 + 3*x^4 + 7*x^3 - 17*x^2 + 6*x + 1,-434,-1825,3513,-1304,-106,1,0,D(5),4549689
x^5 + 3*x^4 + 7*x^3 - x^2 - 3*x + 1,-11,-436,27,154,-53,1,0,D(5),512656
x^5 + 3*x^4 + 7*x^3 + 6*x^2 + x + 1,55,5,-65,-47,-26,1,0,D(5),229441
x^5 + 3*x^4 + 7*x^3 + 8*x^2 + 9*x + 1,-29,-13,57,91,64,1,0,D(5),511225
x^5 + 3*x^4 + 8*x^3 - 4*x^2 + 23*x + 1,-440,-1408,352,-2464,440,88,0,D(5),3838050304
x^5 + 3*x^4 + 8*x^3 + 7*x^2 + x + 1,88,11,-88,-55,-33,11,0,D(5),717409
x^5 + 3*x^4 + 9*x^3 + 8*x^2 + x + 1,129,17,-117,-63,-40,1,0,D(5),1868689
x^5 + 3*x^4 + 10*x^3 + 9*x^2 + x + 1,178,23,-152,-71,-47,1,0,D(5),4255969
x^5 + 3*x^4 + 11*x^3 + 10*x^2 + x + 1,235,29,-193,-79,-54,1,0,D(5),8755681
x^5 + 3*x^4 + 11*x^3 + 11*x^2 - 2*x + 1,298,215,-115,-52,-46,1,0,D(5),29214025
x^5 + 3*x^4 + 11*x^3 + 13*x^2 + 18*x + 1,34,41,147,152,284,1,0,D(5),1857769
x^5 + 3*x^4 + 12*x^3 + 11*x^2 + x + 1,300,35,-240,-87,-61,1,0,D(5),16638241
x^5 + 3*x^4 + 13*x^3 + 12*x^2 + x + 1,373,41,-293,-95,-68,1,0,D(5),29669809
x^5 + 3*x^4 + 14*x^3 + 5*x^2 + 3*x + 1,280,-1267,-510,-367,-107,1,0,D(5),18429849
x^5 + 3*x^4 + 14*x^3 + 13*x^2 + x + 1,454,47,-352,-103,-75,1,0,D(5),50225569
x^5 + 3*x^4 + 15*x^3 + 14*x^2 + x + 1,543,53,-417,-111,-82,1,0,D(5),81414529
x^5 + 3*x^4 + 16*x^3 + 15*x^2 + x + 1,640,59,-488,-119,-89,1,0,D(5),127215841
x^5 + 3*x^4 + 17*x^3 + 16*x^2 + x + 1,745,65,-565,-127,-96,1,0,D(5),192626641
x^5 + 3*x^4 + 17*x^3 + 17*x^2 + 19*x + 1,493,-118,-301,-550,269,1,0,D(5),1269639424
x^5 + 3*x^4 + 18*x^3 + 17*x^2 + x + 1,858,71,-648,-135,-103,1,0,D(5),283821409
x^5 + 3*x^4 + 19*x^3 + 5*x^2 - 4*x + 1,820,-2665,-865,520,-160,5,0,D(5),253605625
x^5 + 3*x^4 + 19*x^3 + 18*x^2 + x + 1,979,77,-737,-143,-110,11,0,D(5),408322849
x^5 + 3*x^4 + 20*x^3 + 19*x^2 + x + 1,1108,83,-832,-151,-117,1,0,D(5),575184289
x^5 + 3*x^4 + 21*x^3 + 20*x^2 + x + 1,1245,89,-933,-159,-124,1,0,D(5),795183601
x^5 + 3*x^4 + 22*x^3 + 21*x^2 + x + 1,1390,95,-1040,-167,-131,1,0,D(5),1081028641
x^5 + 3*x^4 + 23*x^3 + 22*x^2 + x + 1,1543,101,-1153,-175,-138,1,0,D(5),1447574209
x^5 + 3*x^4 + 24*x^3 + 23*x^2 + x + 1,1704,107,-1272,-183,-145,1,0,D(5),1912050529
x^5 + 3*x^4 + 25*x^3 + 9*x^2 - 5*x + 1,1693,-4126,-1853,826,-203,1,0,D(5),1269639424
x^5 + 3*x^4 + 25*x^3 + 24*x^2 + x + 1,1873,113,-1397,-191,-152,1,0,D(5),2494303249
x^5 + 4*x^4 - 24*x^3 + 9*x^2 + 16*x + 1,4456,-13961,4061,8568,749,1,0,D(5),6280087009
x^5 + 4*x^4 - 11*x^3 - 17*x^2 + 17*x + 1,957,-625,-1998,1518,444,1,0,D(5),2820141025
x^5 + 4*x^4 - 11*x^3 - 8*x^2 + 16*x + 1,1188,-1929,-1836,2727,456,3,0,D(5),247212729
x^5 + 4*x^4 - 9*x^3 + 6*x^2 - 2*x + 1,1474,-2585,1562,-495,242,11,0,D(5),717409
x^5 + 4*x^4 - 8*x^3 - 25*x^2 - 12*x + 1,732,1575,1053,420,211,1,0,D(5),142110241
x^5 + 4*x^4 - 8*x^3 - 13*x^2 + 18*x + 1,570,-609,-1467,1374,451,1,0,D(5),46471489
x^5 + 4*x^4 - 7*x^3 - 23*x^2 - 11*x + 1,625,1351,906,360,182,1,0,D(5),91259809
x^5 + 4*x^4 - 6*x^3 - 21*x^2 - 10*x + 1,526,1143,769,304,155,1,0,D(5),56445169
x^5 + 4*x^4 - 5*x^3 - 19*x^2 - 9*x + 1,435,951,642,252,130,1,0,D(5),33373729
x^5 + 4*x^4 - 4*x^3 - 17*x^2 - 8*x + 1,352,775,525,204,107,1,0,D(5),18671041
x^5 + 4*x^4 - 3*x^3 - 17*x^2 + 22*x + 1,-206,-93,219,-903,511,1,0,D(5),615436864
x^5 + 4*x^4 - 3*x^3 - 15*x^2 - 7*x + 1,277,615,418,160,86,1,0,D(5),9740641
x^5 + 4*x^4 - 3*x^3 + 7*x^2 - 2*x + 1,730,-669,1203,-351,151,1,0,D(5),1098304
x^5 + 4*x^4 - 2*x^3 - 13*x^2 - 6*x + 1,210,471,321,120,67,1,0,D(5),4635409
x^5 + 4*x^4 - 2*x^3 + x^2 - 2*x + 1,486,-201,81,-216,105,3,0,D(5),227529
x^5 + 4*x^4 - x^3 - 11*x^2 - 5*x + 1,151,343,234,84,50,1,0,D(5),1940449
x^5 + 4*x^4 - 9*x^2 - 4*x + 1,100,231,157,52,35,1,0,D(5),667489
x^5 + 4*x^4 + 7*x^2 - 2*x + 1,454,-81,861,-270,103,1,0,D(5),2474329
x^5 + 4*x^4 + x^3 - 7*x^2 - 3*x + 1,57,135,90,24,22,1,0,D(5),160801
x^5 + 4*x^4 + x^3 + 4*x^2 - 4*x + 1,336,119,336,-357,84,7,0,D(5),693889
x^5 + 4*x^4 + 3*x^3 - 3*x^2 - x + 1,-5,-9,-14,-20,2,1,0,D(5),2209
x^5 + 4*x^4 + 4*x^3 - x^2 + 1,-24,-57,-51,-36,-5,1,0,D(5),16129
x^5 + 4*x^4 + 4*x^3 + 5*x^2 + 12*x + 1,-60,-201,21,504,169,1,0,D(5),1803649
x^5 + 4*x^4 + 5*x^3 - 6*x^2 + 6*x + 1,-278,-537,294,-461,-10,1,0,D(5),34515625
x^5 + 4*x^4 + 5*x^3 + x^2 + x + 1,-35,-89,-78,-48,-10,1,0,D(5),20449
x^5 + 4*x^4 + 6*x^3 + 3*x^2 + 2*x + 1,-38,-105,-95,-56,-13,1,0,D(5),14161
x^5 + 4*x^4 + 7*x^3 + 5*x^2 + 3*x + 1,-33,-105,-102,-60,-14,1,0,D(5),6241
x^5 + 4*x^4 + 7*x^3 + 8*x^2 + 4*x + 1,24,71,96,45,8,1,0,D(5),2209
x^5 + 4*x^4 + 8*x^3 + 5*x^2 - 2*x + 1,22,-81,-139,-18,-35,1,0,D(5),505521
x^5 + 4*x^4 + 8*x^3 + 7*x^2 + 4*x + 1,-20,-89,-99,-60,-13,1,0,D(5),2209
x^5 + 4*x^4 + 9*x^3 + 9*x^2 + 5*x + 1,1,-57,-86,-56,-10,1,0,D(5),2209
x^5 + 4*x^4 + 9*x^3 + 16*x^2 + 18*x + 1,-26,223,838,1091,324,1,0,D(5),34000561
x^5 + 4*x^4 + 10*x^3 + 11*x^2 + 6*x + 1,30,-9,-63,-48,-5,1,0,D(5),10609
x^5 + 4*x^4 + 10*x^3 + 19*x^2 + 8*x + 1,192,767,1317,534,63,1,0,D(5),797449
x^5 + 4*x^4 + 11*x^3 + 13*x^2 + 7*x + 1,67,55,-30,-36,2,1,0,D(5),57121
x^5 + 4*x^4 + 12*x^3 + 15*x^2 + 8*x + 1,112,135,13,-20,11,1,0,D(5),229441
x^5 + 4*x^4 + 13*x^3 + 15*x^2 + 7*x + 1,147,7,-216,-144,-20,1,0,D(5),55225
x^5 + 4*x^4 + 13*x^3 + 17*x^2 + 9*x + 1,165,231,66,0,22,11,1,D(5),717409
x^5 + 4*x^4 + 13*x^3 + 23*x^2 + 22*x + 1,114,707,1323,1305,455,1,0,D(5),70291456
x^5 + 4*x^4 + 14*x^3 + 19*x^2 + 10*x + 1,226,343,129,24,35,1,0,D(5),1868689
x^5 + 4*x^4 + 14*x^3 + 21*x^2 + 24*x + 1,64,255,501,610,521,1,0,D(5),12780625
x^5 + 4*x^4 + 15*x^3 + 21*x^2 + 11*x + 1,295,471,202,52,50,1,0,D(5),4255969
x^5 + 4*x^4 + 16*x^3 - 7*x^2 - 2*x + 1,-138,-4273,1725,414,-223,1,0,D(5),34000561
x^5 + 4*x^4 + 16*x^3 + 23*x^2 + 12*x + 1,372,615,285,84,67,1,0,D(5),8755681
x^5 + 4*x^4 + 17*x^3 + 25*x^2 + 13*x + 1,457,775,378,120,86,1,0,D(5),16638241
x^5 + 4*x^4 + 18*x^3 - 11*x^2 + 1,-152,-6257,3493,-106,-279,1,0,D(5),167055625
x^5 + 5*x^4 - 15*x^3 + 17*x^2 - 7*x + 1,4015,-9640,10031,-3996,559,1,0,D(5),512656
x^5 + 5*x^4 - 13*x^3 - 9*x^2 + 18*x + 1,2386,-4031,-3495,5512,664,1,0,D(5),988662249
x^5 + 5*x^4 - 11*x^3 + 7*x^2 - 2*x + 1,2724,-4849,2853,-786,384,1,0,D(5),1868689
x^5 + 5*x^4 - 7*x^3 + 8*x^2 - 3*x + 1,1981,-2647,2717,-1001,314,1,0,D(5),373321
x^5 + 5*x^4 - 3*x^3 - 11*x^2 + 6*x + 1,616,-119,-1189,506,166,1,0,D(5),13024881
x^5 + 5*x^4 - x^3 - 13*x^2 + 3*x + 1,319,206,-517,64,89,1,0,D(5),19114384
x^5 + 5*x^4 - 23*x^2 - 15*x + 1,160,1075,2186,1205,235,1,0,D(5),13024881
x^5 + 5*x^4 + 3*x^2 - x + 1,730,-65,406,-177,141,1,0,D(5),505521
x^5 + 5*x^4 + 3*x^3 - x^2 - x + 1,271,194,-109,-96,61,1,0,D(5),274576
x^5 + 5*x^4 + 5*x^3 + 7*x^2 + 1,310,345,541,-50,60,1,0,D(5),1713481
x^5 + 5*x^4 + 8*x^3 + 11*x^2 + x + 1,196,441,612,-1,21,1,0,D(5),4549689
x^5 + 5*x^4 + 9*x^3 + 9*x^2 + 4*x + 1,34,87,95,34,6,1,0,D(5),2209
x^5 + 5*x^4 + 9*x^3 + 9*x^2 + 9*x + 1,-41,-88,15,164,71,1,0,D(5),824464
x^5 + 5*x^4 + 10*x^3 + 7*x^2 + x + 1,-30,-145,-174,-87,-39,1,0,D(5),55225
x^5 + 5*x^4 + 12*x^3 + 15*x^2 + 11*x + 1,-14,-5,82,135,81,1,0,D(5),145161
x^5 + 5*x^4 + 17*x^3 + 2*x^2 + x + 1,-299,-3357,-477,-307,-204,1,0,D(5),74183769
x^5 + 6*x^4 - 24*x^3 + 9*x^2 + 14*x + 1,8034,-22537,6927,12306,1033,1,0,D(5),817674025
x^5 + 6*x^4 - 17*x^3 + 7*x^2 + 3*x + 1,5719,-12439,4560,2110,668,1,0,D(5),4549689
x^5 + 6*x^4 - 15*x^3 - 10*x^2 + 20*x + 1,4236,-7345,-5970,9759,926,1,0,D(5),3079251081
x^5 + 6*x^4 - 13*x^3 + 8*x^2 - 2*x + 1,4630,-8341,4808,-1171,572,1,0,D(5),4255969
x^5 + 6*x^4 - 11*x^3 - 3*x^2 + 5*x + 1,3577,-5011,-1684,2284,490,1,0,D(5),13024881
x^5 + 6*x^4 - 6*x^3 + 5*x^2 + 4*x + 1,2640,-2893,1767,1614,401,1,0,D(5),34515625
x^5 + 6*x^4 - 3*x^3 - x^2 - x + 1,1851,-775,-330,-300,284,1,0,D(5),915849
x^5 + 6*x^4 + x^3 + 5*x^2 + 2*x + 1,1270,-37,1025,433,221,1,0,D(5),2050624
x^5 + 6*x^4 + 5*x^3 + 5*x^2 - 5*x + 1,751,785,770,-766,146,1,0,D(5),3455881
x^5 + 6*x^4 + 5*x^3 + 5*x^2 + x + 1,661,533,584,80,122,1,0,D(5),267289
x^5 + 6*x^4 + 8*x^3 - x^2 + 8*x + 1,-44,-229,-329,44,83,1,0,D(5),2122849
x^5 + 6*x^4 + 10*x^3 + 9*x^2 + 2*x + 1,190,407,371,28,25,1,0,D(5),505521
x^5 + 6*x^4 + 11*x^3 - 11*x^2 + 1,-596,-1609,1527,-91,-103,1,0,D(5),1098304
x^5 + 6*x^4 + 11*x^3 + 5*x^2 - x + 1,-5,-31,-80,-88,-22,1,0,D(5),2209
x^5 + 6*x^4 + 11*x^3 + 10*x^2 + 4*x + 1,100,239,230,77,18,1,0,D(5),10609
x^5 + 6*x^4 + 15*x^3 + 15*x^2 - x + 1,51,17,-204,-102,-68,17,0,D(5),4092529
x^5 + 6*x^4 + 19*x^3 - x^2 - x + 1,-701,-4735,176,118,-244,1,0,D(5),147744025
x^5 + 6*x^4 + 19*x^3 + 20*x^2 + 8*x + 1,-80,-1081,-1426,-611,-76,1,0,D(5),2209
x^5 + 6*x^4 + 25*x^3 - 8*x^2 + 1,-992,-11737,3558,-161,-424,1,0,D(5),935809281
x^5 + 7*x^4 - 17*x^3 - 11*x^2 + 22*x + 1,6930,-12243,-9477,15876,1248,3,0,D(5),8143799049
x^5 + 7*x^4 - 15*x^3 + 9*x^2 - 2*x + 1,7384,-13433,7619,-1662,812,1,0,D(5),8755681
x^5 + 7*x^4 - 7*x^3 - 23*x^2 + 19*x + 1,3061,-1670,-8805,6294,785,1,0,D(5),4089858304
x^5 + 7*x^4 - x^3 - x^2 - 2*x + 1,2638,-237,-367,-768,370,1,0,D(5),859329
x^5 + 7*x^4 - x^3 + 19*x^2 - 2*x + 1,3478,-1457,10293,-1128,470,47,0,D(5),824666089
x^5 + 7*x^4 + 3*x^3 - 3*x^2 - 2*x + 1,1606,889,-709,-528,248,1,0,D(5),305809
x^5 + 7*x^4 + 3*x^3 + 4*x^2 + x + 1,1855,651,1029,231,280,7,0,D(5),693889
x^5 + 7*x^4 + 7*x^3 - 25*x^2 + 12*x + 1,-348,-459,1341,-1020,166,1,0,D(5),165765625
x^5 + 7*x^4 + 8*x^3 + 5*x^2 + 3*x + 1,862,1015,592,403,153,1,0,D(5),55225
x^5 + 7*x^4 + 9*x^3 - 11*x^2 - 8*x + 1,178,537,303,-30,100,1,0,D(5),32706961
x^5 + 7*x^4 + 11*x^3 + 8*x^2 - x + 1,541,1073,789,-211,76,1,0,D(5),7733961
x^5 + 7*x^4 + 13*x^3 + 11*x^2 + 4*x + 1,294,683,609,198,50,1,0,D(5),57121
x^5 + 7*x^4 + 15*x^3 + 6*x^2 - 5*x + 1,-47,-149,-73,-9,-22,1,0,D(5),265225
x^5 + 7*x^4 + 15*x^3 + 7*x^2 + x + 1,-95,-312,-237,-138,-41,1,0,D(5),824464
x^5 + 7*x^4 + 15*x^3 + 13*x^2 + 4*x + 1,112,327,279,36,4,1,0,D(5),55225
x^5 + 7*x^4 + 19*x^3 + 24*x^2 + 13*x + 1,3,43,153,207,100,1,0,D(5),2209
x^5 + 7*x^4 + 20*x^3 - x^2 - x + 1,-926,-4507,150,77,-221,1,0,D(5),140493609
x^5 + 8*x^4 - 21*x^3 - 21*x^2 + 16*x + 1,11332,-19149,-22375,15961,1335,1,0,D(5),69135340096
x^5 + 8*x^4 - 19*x^3 - 12*x^2 + 24*x + 1,10684,-19145,-14256,24319,1636,1,0,D(5),19144319769
x^5 + 8*x^4 - 18*x^3 + 15*x^2 - 6*x + 1,11962,-23473,18717,-7312,1199,1,0,D(5),2209
x^5 + 8*x^4 - 17*x^3 + 10*x^2 - 2*x + 1,11202,-20545,11502,-2271,1110,1,0,D(5),16638241
x^5 + 8*x^4 - 16*x^3 + 15*x^2 - 6*x + 1,11050,-19913,17745,-6938,1135,1,0,D(5),859329
x^5 + 8*x^4 - 13*x^3 - 13*x^2 + 1,8308,-9229,-10663,1,863,1,0,D(5),76457536
x^5 + 8*x^4 - 7*x^3 - 22*x^2 - 8*x + 1,5596,-1473,-11388,-4333,690,1,0,D(5),117223929
x^5 + 8*x^4 - 4*x^3 - 3*x^2 + 1,5296,-2249,-1959,-44,625,1,0,D(5),1734489
x^5 + 8*x^4 - x^3 + 8*x^2 + 6*x + 1,4714,-1513,4418,3637,620,1,0,D(5),2122849
x^5 + 8*x^4 + 11*x^3 + 6*x^2 - 6*x + 1,1438,2479,1482,-1403,226,1,0,D(5),7112889
x^5 + 8*x^4 + 15*x^3 + 12*x^2 + 4*x + 1,712,1623,1364,421,108,1,0,D(5),229441
x^5 + 8*x^4 + 19*x^3 + 10*x^2 + 4*x + 1,-120,-433,-360,-183,-30,1,0,D(5),797449
x^5 + 8*x^4 + 20*x^3 + 19*x^2 + 6*x + 1,118,423,433,94,3,1,0,D(5),2209
x^5 + 8*x^4 + 23*x^3 + 21*x^2 - 7*x + 1,-35,-333,-568,66,-70,1,0,D(5),3713329
x^5 + 8*x^4 + 24*x^3 + 9*x^2 + 2*x + 1,-878,-4265,-1775,-534,-207,1,0,D(5),76790169
x^5 + 9*x^4 - 19*x^3 + 11*x^2 - 2*x + 1,16324,-30145,16697,-3010,1472,1,0,D(5),29669809
x^5 + 9*x^4 + 8*x^3 + 7*x^2 + 3*x + 1,3910,3419,3174,1391,485,1,0,D(5),511225
x^5 + 9*x^4 + 9*x^3 + 9*x^2 + 5*x + 1,3651,3548,3879,2304,475,1,0,D(5),824464
x^5 + 9*x^4 + 14*x^3 + 5*x^2 - 3*x + 1,1990,3749,1416,-961,259,1,0,D(5),18429849
x^5 + 9*x^4 + 17*x^3 + 13*x^2 + 4*x + 1,1474,3311,2651,770,198,11,0,D(5),717409
x^5 + 9*x^4 + 23*x^3 - 4*x^2 - 3*x + 1,-809,-2893,579,209,-110,1,0,D(5),66928761
x^5 + 9*x^4 + 25*x^3 + 17*x^2 - 7*x + 1,-41,-136,-49,-80,-37,1,0,D(5),1926544
x^5 + 10*x^4 - 21*x^3 + 12*x^2 - 2*x + 1,23014,-42749,23468,-3891,1904,1,0,D(5),50225569
x^5 + 10*x^4 - 11*x^3 + 17*x^2 - 2*x + 1,17034,-19669,27153,-3231,1529,1,0,D(5),953080384
x^5 + 10*x^4 - 7*x^3 - 25*x^2 + x + 1,12181,-4455,-26632,990,1156,1,0,D(5),6890162049
x^5 + 10*x^4 - 5*x^3 - 5*x^2 + x + 1,12285,-5295,-6030,1080,1176,3,0,D(5),826281
x^5 + 10*x^4 + 9*x^3 + 4*x^2 + 1,6064,5767,2554,-145,660,1,0,D(5),19936225
x^5 + 10*x^4 + 12*x^3 - 9*x^2 - 2*x + 1,4066,5959,-3925,-1038,479,1,0,D(5),27175369
x^5 + 10*x^4 + 19*x^3 + 7*x^2 - 7*x + 1,2469,5921,2538,-2316,324,1,0,D(5),2122849
x^5 + 10*x^4 + 19*x^3 + 14*x^2 + 4*x + 1,2724,6047,4650,1269,326,1,0,D(5),1868689
x^5 + 11*x^4 - 23*x^3 + 13*x^2 - 2*x + 1,31560,-58921,32103,-4926,2412,1,0,D(5),81414529
x^5 + 11*x^4 + 6*x^3 + 3*x^2 - 5*x + 1,11428,6615,3692,-5621,1107,1,0,D(5),7491169
x^5 + 11*x^4 + 15*x^3 + 12*x^2 + 5*x + 1,7183,10363,8653,3699,756,1,0,D(5),145161
x^5 + 11*x^4 + 17*x^3 + 2*x^2 - 5*x + 1,5719,10437,1557,-3211,618,1,0,D(5),4549689
x^5 + 11*x^4 + 21*x^3 + 15*x^2 + 4*x + 1,4630,10179,7565,1942,498,1,0,D(5),4255969
x^5 + 11*x^4 + 25*x^3 + 4*x^2 - 17*x + 1,2535,7775,2535,-4785,540,5,0,D(5),672105625
x^5 + 12*x^4 - 25*x^3 + 7*x^2 + 7*x + 1,41635,-76921,19574,20918,3012,1,0,D(5),165765625
x^5 + 12*x^4 - 25*x^3 + 14*x^2 - 2*x + 1,42274,-79273,42914,-6127,3002,1,0,D(5),127215841
x^5 + 12*x^4 - 16*x^3 + 7*x^2 + 1,33784,-42313,17733,-64,2531,1,0,D(5),253605625
x^5 + 12*x^4 - 6*x^3 - 7*x^2 + 2*x + 1,24666,-10777,-14151,3792,1985,1,0,D(5),1447209
x^5 + 12*x^4 + 9*x^2 - 4*x + 1,21444,-985,16677,-7380,1789,1,0,D(5),233325625
x^5 + 12*x^4 + 5*x^3 + 4*x^2 + 4*x + 1,17464,6743,5360,5927,1524,1,0,D(5),1803649
x^5 + 12*x^4 + 13*x^3 + 5*x^2 - 3*x + 1,12457,14639,5958,-3656,1138,1,0,D(5),200533921
x^5 + 12*x^4 + 23*x^3 + 16*x^2 + 4*x + 1,7384,16103,11624,2813,720,1,0,D(5),8755681
x^5 + 13*x^4 - 23*x^3 + 17*x^2 - 6*x + 1,51528,-85083,61239,-21330,3514,1,0,D(5),305809
x^5 + 13*x^4 + 7*x^3 - 17*x^2 + 2*x + 1,21486,14069,-29079,3156,1752,1,0,D(5),635392849
x^5 + 13*x^4 + 7*x^3 + 10*x^2 - x + 1,23637,12047,19197,-2127,1884,1,0,D(5),299393809
x^5 + 13*x^4 + 9*x^3 + x + 1,21265,15445,-355,1515,1730,5,0,D(5),4305625
x^5 + 13*x^4 + 20*x^3 - x^2 - 7*x + 1,13288,23681,-300,-8305,1201,1,0,D(5),117223929
x^5 + 13*x^4 + 24*x^3 + 19*x^2 + 7*x + 1,11962,24375,20070,7551,1093,1,0,D(5),2209
x^5 + 13*x^4 + 25*x^3 - 17*x^2 - 2*x + 1,8640,20355,-12555,-1782,816,3,0,D(5),1187560521
x^5 + 13*x^4 + 25*x^3 + 17*x^2 + 4*x + 1,11202,24263,17079,3906,998,1,0,D(5),16638241
x^5 + 14*x^4 - 7*x^3 - 9*x^2 + 3*x + 1,44671,-19751,-28314,9004,3100,1,0,D(5),38975049
x^5 + 14*x^4 - x^3 + 11*x^2 + x + 1,40309,-5211,31482,2708,2856,1,0,D(5),293951025
x^5 + 14*x^4 + 5*x^3 - 4*x + 1,33676,12687,554,-10077,2480,1,0,D(5),16507969
x^5 + 14*x^4 + 6*x^3 - 15*x^2 + 2*x + 1,31390,16087,-34685,4320,2337,1,0,D(5),117223929
x^5 + 14*x^4 + 9*x^3 - 24*x^2 + 6*x + 1,27814,21659,-49908,11903,2156,1,0,D(5),817674025
x^5 + 14*x^4 + 9*x^3 + 24*x^2 - 4*x + 1,31996,18415,59482,-10065,2376,1,0,D(5),12720456225
x^5 + 14*x^4 + 18*x^3 - 5*x^2 - 6*x + 1,21742,31711,-7597,-10432,1747,1,0,D(5),350775441
x^5 + 14*x^4 + 19*x^3 - 23*x^2 + x + 1,19293,31061,-34266,1182,1566,1,0,D(5),3333099289
x^5 + 15*x^4 - 11*x^3 + 2*x^2 + 3*x + 1,63619,-45439,7173,11989,4054,1,0,D(5),670654609
x^5 + 15*x^4 + x^3 + 15*x^2 - 8*x + 1,50974,935,53317,-27830,3454,11,0,D(5),61858225
x^5 + 15*x^4 + 5*x^3 + 5*x^2 + 1,45550,14525,15375,-250,3100,25,0,D(5),102515625
x^5 + 15*x^4 + 23*x^3 - 4*x^2 - 9*x + 1,26641,46601,-6243,-17971,2056,1,0,D(5),1963110249
x^5 + 16*x^4 - 22*x^3 + 17*x^2 - 6*x + 1,97354,-129281,97597,-34088,5625,1,0,D(5),9653449
x^5 + 16*x^4 - 21*x^3 - 21*x^2 + 8*x + 1,92044,-104493,-112727,41857,5399,1,0,D(5),69135340096
x^5 + 16*x^4 - 8*x^3 - 11*x^2 + 4*x + 1,74916,-33465,-50895,17820,4569,3,0,D(5),247212729
x^5 + 16*x^4 + 9*x^3 - 24*x^2 + 4*x + 1,51976,34759,-80524,12915,3416,1,0,D(5),6280087009
x^5 + 16*x^4 + 25*x^3 + 5*x^2 - 5*x + 1,36591,63155,13620,-13086,2546,1,0,D(5),141395881
x^5 + 17*x^4 - 17*x^3 - 11*x^2 + 4*x + 1,108060,-98251,-67149,23676,6030,1,0,D(5),2820141025
x^5 + 17*x^4 + 24*x^3 - x^2 - 7*x + 1,51148,79553,-1672,-23313,3325,19,0,D(5),240963529
x^5 + 18*x^4 - 19*x^3 + 7*x^2 - 3*x + 1,138001,-140311,51600,-22018,7244,1,0,D(5),1380625
x^5 + 18*x^4 - 13*x^3 - 8*x^2 + 4*x + 1,125788,-84673,-55186,26525,6744,1,0,D(5),46471489
x^5 + 18*x^4 - 9*x^3 - 13*x^2 + 5*x + 1,118401,-53359,-84654,31536,6440,1,0,D(5),988662249
x^5 + 18*x^4 - 5*x^3 + 4*x^2 + 1,113608,-32521,24642,-299,6212,1,0,D(5),411156729
x^5 + 18*x^4 + 13*x^3 + 11*x^2 + 3*x + 1,85735,61397,53742,14596,4960,1,0,D(5),1857769
x^5 + 18*x^4 + 16*x^3 + 9*x^2 + 4*x + 1,80992,73163,41347,18640,4741,1,0,D(5),34000561
x^5 + 19*x^4 - 23*x^3 - 7*x^2 + 7*x + 1,173049,-194458,-62781,59562,8621,1,0,D(5),4089858304
x^5 + 19*x^4 + 9*x^2 + x + 1,131332,-3407,61814,6579,6905,1,0,D(5),165765625
x^5 + 19*x^4 + 10*x^3 - 5*x^2 - x + 1,112116,62303,-30204,-6465,6075,1,0,D(5),8970025
x^5 + 19*x^4 + 12*x^3 + 21*x^2 - 7*x + 1,111736,67713,131014,-43373,6101,1,0,D(5),21867015625
x^5 + 19*x^4 + 17*x^3 + 17*x^2 + 3*x + 1,102685,91546,95923,16714,5661,1,0,D(5),1269639424
x^5 + 20*x^4 - 10*x^3 - 15*x^2 + 6*x + 1,178510,-81065,-132735,51640,8761,1,0,D(5),3079251081
x^5 + 20*x^4 - 8*x^3 + x^2 + 2*x + 1,176346,-69921,7533,16938,8649,9,0,D(5),1492817769
x^5 + 21*x^4 + 2*x^3 + 10*x^2 - 3*x + 1,191392,14432,92832,-28000,9152,32,0,D(5),2316304384
x^5 + 21*x^4 + 15*x^3 - 15*x^2 - 4*x + 1,160476,124493,-116601,-31980,7942,1,0,D(5),8640260209
x^5 + 22*x^4 - 17*x^3 - 3*x^2 + 4*x + 1,276096,-205025,-38685,48069,12145,1,0,D(5),615436864
x^5 + 22*x^4 - 11*x^3 - 17*x^2 + 7*x + 1,259011,-118407,-198666,79812,11580,3,0,D(5),8143799049
x^5 + 22*x^4 + 23*x^3 + 13*x^2 + 4*x + 1,182368,195007,111459,34365,8705,1,0,D(5),70291456
x^5 + 23*x^4 - 7*x^3 + 12*x^2 - x + 1,300223,-96897,155219,-13413,12872,1,0,D(5),466862449
x^5 + 23*x^4 - 4*x^3 + 8*x^2 + 3*x + 1,291544,-55264,98912,37312,12584,88,0,D(5),3838050304
x^5 + 23*x^4 + 15*x^3 + 3*x^2 - 6*x + 1,241570,161699,35181,-65488,10838,1,0,D(5),192959881
x^5 + 24*x^4 - 12*x^3 - 19*x^2 + 8*x + 1,364056,-167401,-286359,117924,14945,1,0,D(5),19144319769
x^5 + 24*x^4 + 21*x^3 + 14*x^2 + 4*x + 1,275016,242735,164496,47055,11894,1,0,D(5),12780625
x^5 + 25*x^4 + 11*x^3 - 10*x^2 - 3*x + 1,355279,165205,-142883,-43985,14484,1,0,D(5),16687225
